mae,mse,rmse,r2,train_time_sec,predict_time_sec,model
575.3498206923294,547156.3587024696,739.7001816293339,0.8401455971961393,0.11621899999954621,0.004710099998192163,Linear Regression
574.933130861547,546681.1474266103,739.3788930085916,0.8402844324915717,0.05395739999949001,0.008215999998355983,Ridge Regression
575.0266390997613,546676.1861575186,739.3755379761483,0.8402858819505703,0.030412599997362122,0.011696500001562526,Lasso Regression
539.5643354886317,518133.2486227609,719.8147321517954,0.8486248405705645,0.03134100000170292,0.011670799998682924,Decision Tree Regressor
413.9295949273445,294094.9947973384,542.3052597913268,0.9140787107502167,0.706871599999431,0.10840779999853112,Random Forest Regressor
431.4142468564769,312778.1806954948,559.2657514058006,0.9086203267312396,0.5725477999985742,0.005387700002756901,Gradient Boosting Regressor
414.78900352674066,312607.579223029,559.1132078774647,0.9086701687847307,0.08753950000027544,0.02648600000247825,Support Vector Regressor (SVR)
418.9652739726028,323458.9246527397,568.7344939888382,0.905499895213574,0.2567421999992803,0.046961199997895164,Extra Trees
628.387534201442,615647.2444235745,784.6319165211,0.8201356503860205,0.2380254000017885,0.03232179999758955,AdaBoost
